Time;NTC rec;Bst rec;NTC CF;CF 1;CF 0.5;CF 0.25;CF 0.125;Bst rec;Wells 1;Wells 2;Wells 3;Lid;Target;;;;;;;;;;;;;;temp;Target;temp
0:06:01;0;0;0;0;0;0;0;0;66.9;66.9;66.93;91;65;;;;;;;;;;;;;;;;
0:06:21;-2.75;-6.906;-1;-3.687;-2.969;7;2.376;-4.812;66.94;66.98;67;91.09;65;;;;;;;;;;;;;;;;
0:06:41;5.438;1.344;5.813;0.813;1.25;3;6.75;5.563;66.89;66.73;66.65;90.94;65;;;;;;;;;;;;;;;;
0:07:01;1.813;4.719;-1.874;-1.593;5.843;3.688;7;3;66.8;67.04;66.88;91.05;65;;;;;;;;;;;;;;;;
0:07:21;5.938;1.063;0.313;7.969;5.312;3.813;15.938;0.438;67.05;67.07;66.86;91.2;65;;;;;;;;;;;;;;;;
0:07:41;2.313;1.875;11.188;8.219;3.937;7.876;8.376;2.376;67.08;67.01;67.09;91.1;65;;;;;;;;;;;;;;;;
0:08:01;5.313;4.375;10;3.875;2.781;13.75;11.626;9.938;66.88;66.93;66.9;91.2;65;;;;;;;;;;;;;;;;
0:08:21;11.688;8.844;5.688;6.125;6.093;10.938;17.25;3.063;66.93;66.91;66.84;90.96;65;;;;;;;;;;;;;;;;
0:08:41;10.563;7.563;6.813;9.563;10.343;15.25;15.376;7.75;67.04;66.98;66.96;91.17;65;;;;;;;;;;;;;;;;
0:09:01;5.688;5.094;12.876;11.75;2.812;17;15.25;14.313;66.68;66.63;66.99;91.2;65;;;;;;;;;;;;;;;;
0:09:21;9.063;1.656;16.313;11.719;11.593;13.438;18.5;11.188;66.8;66.82;66.77;91.17;65;;;;;;;;;;;;;;;;
0:09:41;10.376;2.594;15.876;18.844;12.312;14.188;19.876;12;66.78;66.98;67.03;91.15;65;;;;;;;;;;;;;;;;
0:10:01;10;3.875;14;13.781;12.812;18.126;18.75;12.25;66.94;66.78;66.98;91;65;;;;;;;;;;;;;;;;
0:10:21;12.688;10.344;12.5;10.75;8.781;18.063;24.938;18.75;66.66;66.95;66.94;90.94;65;;;;;;;;;;;;;;;;
0:10:41;8.376;8.687;19.626;11.75;9.375;20;25.938;15.876;66.98;66.81;66.9;91.09;65;;;;;;;;;;;;;;;;
0:11:01;14.063;10.063;8.25;11.75;7.125;19.688;26;16.188;66.92;66.79;66.86;90.94;65;;;;;;;;;;;;;;;;
0:11:22;12.75;9.031;14.313;14.25;13.062;18.126;23.626;23;66.88;66.88;66.74;90.97;65;;;;;;;;;;;;;;;;
0:11:41;10.438;8.5;15.313;14.063;16.437;18.313;26.25;13.75;66.71;66.73;66.63;90.96;65;;;;;;;;;;;;;;;;
0:12:02;13.063;8.781;10.313;13.407;15.093;19.5;26;16.438;66.55;66.57;66.47;91.12;65;;;;;;;;;;;;;;;;
0:12:22;9.813;5.656;16.25;16.657;18.062;20.188;27.938;16.25;66.41;66.42;66.25;90.87;65;;;;;;;;;;;;;;;;
0:12:42;12.813;9.469;13.563;17.125;15.25;19.626;26.626;20;66.14;66.16;66.04;91.14;65;;;;;;;;;;;;;;;;
0:13:02;13.063;7.437;16.376;19.25;17.562;18.876;26.376;24.813;66.26;66.16;66.09;91.15;65;;;;;;;;;;;;;;;;
0:13:22;9.688;7.906;17.688;19.219;14.593;24.188;25.876;19.938;65.95;66.02;65.93;90.86;65;;;;;;;;;;;;;;;;
0:13:42;9.75;6.313;16.876;16.375;13;21.876;30.376;21.438;66.1;66.33;65.91;91.15;65;;;;;;;;;;;;;;;;
0:14:02;16.188;27.813;15;16.344;11.812;23.813;27.938;22.063;66.18;66.09;65.93;91.12;65;;;;;;;;;;;;;;;;
0:14:22;10.313;7.219;19.25;22.5;16.406;20.626;27.688;23.813;65.91;65.91;66.07;91.14;65;;;;;;;;;;;;;;;;
0:14:42;15.188;8.813;17.376;20.75;10.687;26.5;26.5;23.25;66.22;66.08;66.19;90.91;65;;;;;;;;;;;;;;;;
0:15:02;16.188;8.469;19.25;30.157;16.031;23.938;27.438;25.75;65.91;65.87;66.05;90.8;65;;;;;;;;;;;;;;;;
0:15:22;9.813;6.219;26.626;38.781;18.187;22.438;29.438;28;66.05;65.99;66.24;91.03;65;;;;;;;;;;;;;;;;
0:15:42;15.376;10.063;31.5;41.219;12.781;26.25;27.626;29.626;66.11;65.82;65.77;91.11;65;;;;;;;;;;;;;;;;
0:16:02;8.25;4.25;42.5;54.188;17.187;22.563;31.876;42.438;65.88;66.07;66.31;90.79;65;;;;;;;;;;;;;;;;
0:16:22;15;11.75;49.563;60.907;12.719;23.376;26.876;41.25;65.72;66.01;66.05;90.91;65;;;;;;;;;;;;;;;;
0:16:42;12.5;6.969;57.25;64.407;17;25.188;28.75;49.438;66.18;65.97;66.09;91.02;65;;;;;;;;;;;;;;;;
0:17:02;14.438;8.719;68.376;74.907;16.812;24.376;28.626;61.438;65.89;65.93;66;91.04;65;;;;;;;;;;;;;;;;
0:17:22;17.126;13.719;68;72.75;12.812;23.75;30.438;61.376;66.1;66;65.99;91.09;65;;;;;;;;;;;;;;;;
0:17:42;18.376;10.437;71.75;76.188;14.937;25.376;28.438;67.313;65.91;66.04;66.05;91.08;65;;;;;;;;;;;;;;;;
0:18:02;24.75;15.563;75;79;12.531;24.813;30.876;69.75;66.16;66.04;66.18;90.97;65;;;;;;;;;;;;;;;;
0:18:22;27.626;14.375;78.313;80.844;18.343;21;30.75;79.626;66.18;66.04;66.05;91.04;65;;;;;;;;;;;;;;;;
0:18:42;30.188;20.719;80.313;83.094;19.25;22.563;29.938;79.75;66.07;66.07;66.18;91.06;65;;;;;;;;;;;;;;;;
0:19:02;42.438;31;77;81.281;16.469;26.126;27.063;77.126;66.11;65.74;66;91;65;;;;;;;;;;;;;;;;
0:19:22;43.376;30.219;82.5;87.375;23.469;20.188;28.876;82.5;65.96;66.18;65.87;90.8;65;;;;;;;;;;;;;;;;
0:19:42;52.188;42.875;79.938;81.157;20.375;23.75;32.126;79.813;66.03;65.89;65.91;90.79;65;;;;;;;;;;;;;;;;
0:20:02;56.876;46.875;81.188;81.375;23.843;23.626;31.563;82.313;65.79;65.95;65.93;90.82;65;;;;;;;;;;;;;;;;
0:20:22;57.688;50.437;84.063;86.75;34.031;19.813;32.75;89;65.82;66.07;66.12;91.03;65;;;;;;;;;;;;;;;;
0:20:42;70.438;57.313;78.563;83.594;37.75;23.188;27.438;87.688;65.83;66.02;65.86;90.98;65;;;;;;;;;;;;;;;;
0:21:02;80.75;65.344;76.313;82.75;40.469;24.188;31.25;88;66.05;66.19;65.88;90.78;65;;;;;;;;;;;;;;;;
0:21:22;85.813;66.125;82.188;82.25;49.343;23;25.313;91.75;65.82;65.93;66.16;91.04;65;;;;;;;;;;;;;;;;
0:21:42;83.126;71.219;84.438;85.157;53.531;23.126;26.063;93.438;65.75;66.06;65.9;90.78;65;;;;;;;;;;;;;;;;
0:22:02;96;77.781;78.938;82.969;52.5;25.75;29.126;92.063;66.11;66.02;65.75;90.84;65;;;;;;;;;;;;;;;;
0:22:22;101.188;74.406;78.626;83.75;54.343;22;27;89.563;66.1;65.82;65.68;90.98;65;;;;;;;;;;;;;;;;
0:22:42;103.438;72.781;84.063;84.469;57.906;28;26.75;88.688;65.95;65.83;65.8;90.97;65;;;;;;;;;;;;;;;;
0:23:02;106.126;75;83.938;86.625;65.343;22.376;25.938;92.126;65.95;66.06;65.79;90.97;65;;;;;;;;;;;;;;;;
0:23:23;111.376;82.344;82.438;85.719;59.625;20.063;28.188;90.25;65.84;65.79;65.6;91.04;65;;;;;;;;;;;;;;;;
0:23:43;109.938;78.781;88.313;89.75;64.562;22.813;24.563;93.126;66.07;66.02;65.88;91.02;65;;;;;;;;;;;;;;;;
0:24:03;109.313;84.469;85.5;89.875;60.437;23;30.5;96.876;66.09;65.69;66.06;90.97;65;;;;;;;;;;;;;;;;
0:24:23;108.876;78.437;88.626;93.313;64.875;24.75;24.188;92.376;66.06;66.09;65.95;90.92;65;;;;;;;;;;;;;;;;
0:24:43;112.25;85.25;94.25;98.719;64.625;20.438;26.25;101;65.69;65.74;65.83;90.93;65;;;;;;;;;;;;;;;;
0:25:03;110.313;80.437;98.563;99.563;65.406;21.813;24.438;96.813;66.07;66.1;65.84;90.94;65;;;;;;;;;;;;;;;;
0:25:23;114.126;85.375;104.25;103.625;68.875;22.876;24.188;99.688;66.04;65.73;65.68;90.87;65;;;;;;;;;;;;;;;;
0:25:43;117.876;86.344;100.188;98.031;62.031;20.25;29.563;102.376;66.06;66.06;65.97;90.87;65;;;;;;;;;;;;;;;;
0:26:03;119.563;88.75;100.938;103;63.25;21.626;29.626;103.563;65.87;65.96;66.09;90.77;65;;;;;;;;;;;;;;;;
0:26:23;117.063;81.937;108.688;102.25;63.281;22.25;25.876;99.063;65.79;65.88;66;91;65;;;;;;;;;;;;;;;;
0:26:43;123.063;87.125;105;105.625;62.312;21.688;26.188;102.876;65.81;65.93;66.03;90.9;65;;;;;;;;;;;;;;;;
0:27:03;124.563;86.813;112.063;108.813;67.281;21.813;24.688;111;65.9;66;66.04;90.96;65;;;;;;;;;;;;;;;;
0:27:23;127.938;86.75;105.126;104.313;63.906;23.25;28.25;106.563;65.72;65.89;65.87;90.84;65;;;;;;;;;;;;;;;;
0:27:43;126.438;83.594;111;108.313;62.719;23.126;23.063;108.626;66.02;65.78;65.52;90.99;65;;;;;;;;;;;;;;;;
0:28:03;132.688;88.25;106.5;104.375;64.625;21.25;29.126;112.5;65.72;65.73;65.73;90.97;65;;;;;;;;;;;;;;;;
0:28:23;135;83.625;106.438;107.313;60.437;27.5;27.376;110.75;65.98;65.91;65.89;90.97;65;;;;;;;;;;;;;;;;
0:28:43;143.5;85.75;113.813;110.5;67.406;20.626;24.876;118.313;65.71;65.77;65.84;90.84;65;;;;;;;;;;;;;;;;
0:29:03;143.188;82.719;116.5;111.969;62.781;26.25;25.938;113.563;65.87;66.01;65.96;90.99;65;;;;;;;;;;;;;;;;
0:29:23;145.563;81.969;119.376;112.75;68.093;22.813;23.563;115.5;66.03;66.02;65.74;90.92;65;;;;;;;;;;;;;;;;
0:29:43;145.25;87.406;115.688;110.969;66.875;25.938;24.626;118;65.87;65.95;66.02;91;65;;;;;;;;;;;;;;;;
0:30:03;151.063;93.875;115.688;111.813;65.312;27.313;24;124.563;65.72;65.82;66.02;90.98;65;;;;;;;;;;;;;;;;
0:30:23;147.938;93.406;112.5;91.563;60.25;24.313;28.626;121.813;65.71;65.77;65.91;90.92;65;;;;;;;;;;;;;;;;
0:30:43;154.438;100.75;112.126;109.157;61.406;28.376;26.25;123.5;65.98;65.79;66.03;90.99;65;;;;;;;;;;;;;;;;
0:31:03;153.688;105.75;114;109.063;63.625;34.063;27.376;121.688;65.78;65.8;65.89;90.98;65;;;;;;;;;;;;;;;;
0:31:23;152.126;105.437;114.25;107.375;50.5;35.313;27.438;121.313;66.02;65.96;65.91;90.91;65;;;;;;;;;;;;;;;;
0:31:43;155.126;101.531;120.126;114.407;64;35.25;27.25;126.25;65.92;65.82;66.02;91.03;65;;;;;;;;;;;;;;;;
0:32:03;155.563;111.5;116.563;110.531;63.656;40.063;27.938;126.376;66.01;66.02;66.06;91;65;;;;;;;;;;;;;;;;
0:32:23;153.813;116.375;115.563;117.157;63.593;44.813;24.438;123.376;65.93;65.97;65.93;91;65;;;;;;;;;;;;;;;;
0:32:43;154.938;114.813;116.25;112.875;62.5;48.063;24.438;125;65.84;65.93;65.87;90.88;65;;;;;;;;;;;;;;;;
0:33:03;155.25;115.125;114.25;110.219;63.187;50.813;21.313;122.813;65.92;66.05;66.02;90.97;65;;;;;;;;;;;;;;;;
0:33:23;157;115;119.313;120.531;67.375;48.188;25.063;128.188;65.92;65.81;65.92;90.86;65;;;;;;;;;;;;;;;;
0:33:43;155.438;114.313;123.063;117.969;64.219;51.376;27.813;127.188;66.03;66;65.99;90.99;65;;;;;;;;;;;;;;;;
0:34:03;158.876;115.187;115.938;119.031;68.281;57.25;22.25;131.626;66.01;66.07;66.01;90.92;65;;;;;;;;;;;;;;;;
0:34:23;159.063;117.375;121.376;121.594;69.437;54.376;22.126;131.876;65.99;65.96;65.84;90.86;65;;;;;;;;;;;;;;;;
0:34:43;156.688;121.5;124.376;119.531;63.469;60.938;27.438;125.75;65.59;65.69;65.77;90.97;65;;;;;;;;;;;;;;;;
0:35:03;157;115.563;119.5;122.719;67.093;61.75;23.5;142.376;65.79;65.89;65.97;90.91;65;;;;;;;;;;;;;;;;
0:35:23;156.938;123.813;119.063;119.281;66.562;63.938;27.188;131.063;65.98;66.03;66;90.97;65;;;;;;;;;;;;;;;;
0:35:43;160.438;122.063;119;122.531;74.843;68.5;23.376;133.563;65.9;66;65.63;90.98;65;;;;;;;;;;;;;;;;
0:36:03;158.188;118.375;125.376;122.281;74.156;65.626;24.563;130.813;65.96;65.91;65.69;90.87;65;;;;;;;;;;;;;;;;
0:36:23;159.438;122.75;119.5;121.594;76.093;73.813;20.626;133.563;65.77;65.81;66.02;90.93;65;;;;;;;;;;;;;;;;
0:36:43;158.126;125.125;119.688;117.781;71.093;72.563;21.75;131.938;66.01;66.01;65.87;90.97;65;;;;;;;;;;;;;;;;
0:37:04;163.938;123.063;121.126;118.031;74.593;74.126;23.126;129.563;66;65.97;66.01;90.82;65;;;;;;;;;;;;;;;;
0:37:24;162.126;129.625;121.25;120.094;74.062;73.626;21.938;133.813;65.66;65.91;65.97;90.97;65;;;;;;;;;;;;;;;;
0:37:44;163.25;124.687;118.938;121.469;77.437;75.188;23.438;137.25;66;66;65.92;90.92;65;;;;;;;;;;;;;;;;
0:38:04;169.25;123.875;119.938;122.844;80.437;75.876;22.313;137.188;65.91;65.96;66.02;90.97;65;;;;;;;;;;;;;;;;
0:38:24;165.5;125.875;123.75;123.657;79.719;72.25;23.376;139.5;66.01;65.68;65.88;90.93;65;;;;;;;;;;;;;;;;
0:38:44;167.438;124.813;123.063;124.157;80.843;75.876;22.438;137.126;65.98;66.01;65.97;90.94;65;;;;;;;;;;;;;;;;
0:39:04;166.5;128.625;125.376;120.969;79.875;79.876;22.626;137.376;65.87;66;65.96;90.98;65;;;;;;;;;;;;;;;;
0:39:24;164;130.125;122.313;122.594;78.843;75.313;23.876;135.563;65.99;65.88;65.87;90.94;65;;;;;;;;;;;;;;;;
0:39:44;165.188;130.25;124.563;121.844;80.969;76.75;20.688;138.75;65.88;65.87;65.73;90.93;65;;;;;;;;;;;;;;;;
0:40:04;165.188;122.875;124;128.219;84.031;73.688;23.126;140.188;65.87;65.87;65.77;90.86;65;;;;;;;;;;;;;;;;
0:40:24;165.438;128.687;127.438;123.219;77.812;81;22.438;134.75;65.92;65.94;65.94;90.99;65;;;;;;;;;;;;;;;;
0:40:44;162;128.875;128.063;120.031;92.843;77.313;26.5;136.688;65.91;65.96;65.97;90.91;65;;;;;;;;;;;;;;;;
0:41:04;166.438;133.313;126.063;124.031;79.75;78.563;23.376;138.126;65.91;66.01;65.89;90.91;65;;;;;;;;;;;;;;;;
0:41:24;168;128;122.626;124.531;86.781;93.126;20.5;143.626;65.89;66;65.94;90.93;65;;;;;;;;;;;;;;;;
0:41:44;167.626;130;128.813;99;93.781;81.313;20.376;142.313;65.98;65.96;65.93;90.97;65;;;;;;;;;;;;;;;;
0:42:04;170.626;131.063;129.5;125.157;84.875;78.376;26.188;145.376;65.63;65.77;65.87;90.88;65;;;;;;;;;;;;;;;;
0:42:24;167.5;135.313;127.438;119.907;82.25;83.063;20.813;140.688;65.96;66;65.98;90.97;65;;;;;;;;;;;;;;;;
0:42:44;168.063;130.687;127.313;127.094;89.687;78.438;19.376;143.813;65.96;65.96;65.91;90.87;65;;;;;;;;;;;;;;;;
0:43:04;170.188;135.5;125.063;118.781;86.75;80.813;21.563;144.626;65.92;65.99;65.93;90.82;65;;;;;;;;;;;;;;;;
0:43:24;171.938;131.125;127.25;127.219;90.75;78.688;22.688;146.626;65.96;65.81;65.86;90.98;65;;;;;;;;;;;;;;;;
0:43:44;170.313;132.75;128.563;124.594;83.969;81.876;23.626;143;65.98;65.87;65.89;90.98;65;;;;;;;;;;;;;;;;
0:44:04;170.688;137.063;125.813;123.781;85.343;82.188;19.563;142.376;65.97;65.89;65.87;90.99;65;;;;;;;;;;;;;;;;
0:44:24;169.063;134.625;126.25;125.219;90.187;82.313;20.876;149.938;65.93;65.95;66;90.93;65;;;;;;;;;;;;;;;;
0:44:44;174.75;132.937;130.063;126.781;85.625;79.313;23.126;148.313;65.93;65.95;65.91;90.98;65;;;;;;;;;;;;;;;;
0:45:04;170.876;135.313;125.813;124.469;83.343;82.063;20.688;141.25;65.98;65.97;65.87;90.96;65;;;;;;;;;;;;;;;;
0:45:24;169.126;138.25;132.75;127.531;86.531;79.75;21.876;144.376;65.96;66.01;66;90.96;65;;;;;;;;;;;;;;;;
0:45:44;172.626;138.187;127.938;126.594;87.875;78.438;23.438;147.688;65.92;65.93;65.95;90.98;65;;;;;;;;;;;;;;;;
0:46:04;174.75;138.75;125.938;131.344;89.812;81;19.626;150;65.98;65.89;65.89;90.98;65;;;;;;;;;;;;;;;;
0:46:24;173.313;138.313;111.25;128.219;94.437;81.188;20.376;151.126;65.98;65.95;65.92;90.97;65;;;;;;;;;;;;;;;;
0:46:44;179.126;140.687;139.563;136.844;93.75;84.5;20.063;150.188;66.01;66.01;66;90.9;65;;;;;;;;;;;;;;;;
0:47:04;173.313;135.437;130.438;130.344;91.75;77.688;22.688;152.5;65.89;65.97;65.9;90.91;65;;;;;;;;;;;;;;;;
0:47:24;183.438;138.25;132.188;131.094;92.781;81.626;16.75;154.75;65.97;65.99;65.96;90.92;65;;;;;;;;;;;;;;;;
0:47:44;176;136.063;134.563;130.031;94.562;77.75;21.75;151.626;65.97;65.97;65.98;90.91;65;;;;;;;;;;;;;;;;
0:48:04;182.063;136.875;132.063;129.469;94.187;80.5;20.25;155.876;65.95;65.92;65.86;90.92;65;;;;;;;;;;;;;;;;
0:48:24;171.938;142.75;131.438;129.031;90.093;82.126;19.75;146.75;66;66.01;65.97;90.93;65;;;;;;;;;;;;;;;;
0:48:44;175.626;138.563;133.188;132.157;93.875;76.75;23.938;151.626;65.88;65.93;65.96;90.94;65;;;;;;;;;;;;;;;;
0:49:04;177.938;131.5;132.563;129.781;94;78.25;21.376;153.563;65.84;65.86;65.81;90.96;65;;;;;;;;;;;;;;;;
0:49:25;179.188;142.563;129.25;130.844;90.906;82.626;18.376;149.813;65.71;65.72;65.98;90.96;65;;;;;;;;;;;;;;;;
0:49:45;178.938;146.187;129.938;128.719;90.125;81.188;16.876;155.438;65.98;65.98;65.95;90.93;65;;;;;;;;;;;;;;;;
0:50:05;177.813;139.875;138.063;130.281;95.093;79.188;17;158.563;65.83;65.94;65.96;90.93;65;;;;;;;;;;;;;;;;
0:50:25;182;142.937;133.75;129.281;91.375;81.876;21.5;152.25;65.94;65.93;65.96;90.96;65;;;;;;;;;;;;;;;;
0:50:45;182.063;144;130.813;130.907;92.875;82.626;19.563;152.813;65.93;65.97;65.97;90.97;65;;;;;;;;;;;;;;;;
0:51:05;180.438;144.25;133.688;131.219;91.437;77.75;22.813;155.876;65.92;65.97;65.98;90.94;65;;;;;;;;;;;;;;;;
0:51:25;182.876;145.5;130.376;131.094;93.843;82.688;20.688;156.813;65.97;65.84;65.86;90.94;65;;;;;;;;;;;;;;;;
0:51:45;181.376;146.875;133.376;130.344;92.375;81.376;18.438;160.938;65.98;65.98;65.97;90.96;65;;;;;;;;;;;;;;;;